;accountId;id;name;profileIconId;revisionDate;summonerLevel
0;227437622;65389099;Liquid Impact;1020;1529141743000;69
0;39343628;24877618;Vares;3369;1529138136000;120
0;33953372;20822144;ÐaÞtion;576;1529173218000;97
0;44418714;30212825;Spirax;682;1529171486000;82
0;50656739;36111109;Julien;688;1529122709000;97
0;244030150;91634369;Origami X;3175;1528878475000;55
0;43166232;28903785;YummiBananas;3159;1529027726000;132
0;43155774;28993829;xKace;3155;1529126991000;87
0;201108485;37928970;Lesu;2072;1529173360000;172
0;33005538;20156599;Carmen Campagne;4;1529171537000;73
0;230690174;71229345;divided jungle ;2088;1529171537000;65
0;32746443;19967304;Shiphtur;23;1529101156000;147
0;49653074;35097344;duoking1;778;1528950593000;70
0;240983293;89530903;Shorter;932;1529134603000;73
0;32145619;19451735;3scrimslover;512;1529120382000;95
0;247352288;95119178;WPI 3970;3466;1529036561000;45
0;231876866;73136544;Feí;22;1529119944000;81
0;36898185;22946266;GaoGao;3478;1529131544000;74
0;32281250;19587365;Tony Top;1301;1529173360000;101
0;243809763;91451619;etrianodysey;28;1528926363000;80
0;210738637;47836799;Liquid Hard;3440;1529127324000;68
0;201586599;38880034;Soligo;19;1529172447000;57
0;35991268;22275443;TCLB ZzeR;539;1529083521000;65
0;41866574;27251616;ULookSoCharming;3008;1529129457000;104
0;31991041;19296564;fwii;3221;1529107037000;102
0;243553955;91429132;TSM Mithypote;3078;1529169020000;77
0;32827730;20389591;Inorï;7;1529168250000;66
0;209016881;46069412;foggedftw1;1301;1528861400000;60
0;247307520;95090711;DeafRef;7;1529098889000;49
0;208317941;45661658;Bao Bao;1625;1529160452000;98
0;234011109;77252739;FUNKYFRAGAS32;1440;1529174330000;90
0;33955468;20823651;C9 Smoothie;7;1529141743000;93
0;32672133;19912360;VERSACE JiNPACHi;3382;1528955012000;103
0;45351278;32299406;Spawwwwn;513;1529129776000;104
0;201541446;38809624;Sophist Sage;588;1529056731000;121
0;35373984;21830641;Enripsa fan;3464;1529113666000;55
0;427895;401063;xFSN Saber;3233;1529109196000;73
0;236438563;82962549;10 IQ PLAYER;3006;1528657044000;97
0;34486403;21193032;dog2;554;1529028745000;122
0;230336710;70191897;adi0s;23;1529038942000;50
0;218540727;56829156;Laceration;2087;1529174687000;98
0;247624128;95139141;eydflt;3378;1528781673000;39
0;44291086;30046300;TCLB plan ahea;1440;1529152245000;121
0;32508862;19787999;GGS zig;3466;1529041793000;68
0;39077192;24671130;Allorim;532;1529120382000;109
0;44730604;30397116;Lemur;3018;1529138029000;99
0;202399119;39561509;JuIius;897;1529032868000;153
0;98557;71715;MeNoHaxor;3205;1529132729000;88
0;244430066;91909115;tarzaned2;932;1529171537000;72
0;244134321;91615420;Evølve;3440;1529147878000;93
0;50164583;35592112;stuntopolis;3494;1528785443000;49
0;233971783;77351819;Saskioo;3225;1528522049000;74
0;211103379;48193601;Spica1;1337;1529125982000;74
0;34159539;20962399;Teesum;3102;1529114420000;86
0;33219909;20305573;shochi;1625;1529174330000;111
0;204011393;41233933;MistyStumpey;907;1529126585000;94
0;207089727;44317220;Sheepp;3414;1529136126000;65
0;243451127;91429107;CLG Reignover;3231;1529027964000;65
0;233033899;75900909;Neøø;3160;1529112845000;139
0;214525325;51680686;RobbyBob;7;1529128343000;94
0;48094862;33419995;CopyAndPaste;3458;1529174575000;67
0;238313919;87439213;ìnori;2087;1529174575000;118
0;218758117;57029179;HotGuy6Pack;2088;1528739823000;51
0;226988887;64834040;DufTlalgkqtlek;552;1528781663000;53
0;32578691;19839806;blaberfish2;2074;1529040803000;107
0;34838328;21806931;Xeno;3350;1529163902000;59
0;36222120;22438041;snap;3013;1529105629000;99
0;229139287;68401488;5tunt;3165;1529054458000;80
0;31756459;19061980;Lourlo;935;1528512490000;98
0;234118421;77520973;TCLB Zephyr;3382;1528762150000;95
0;34108;7250;Apollo Price;3264;1529130244000;101
0;39048253;31563939;butterfły;23;1529121425000;54
0;232193393;73543081;SKT T1 Crown;3455;1529129422000;92
0;34096520;20918669;elise player;7;1529040733000;84
0;35801703;22141445;SandPaperX;22;1528590125000;89
0;44071122;29773406;Tonington;847;1528744465000;67
0;201596793;38869932;tank jg player ;948;1529046660000;91
0;42953504;28663867;Erry;1114;1529134030000;68
0;203983479;40835255;Bóbbý;3496;1529118738000;116
0;36541962;22670229;Shout;1638;1528877062000;88
0;34236973;21014987;lron Pyrite;3236;1529025916000;65
0;47877977;32867184;Blitzt;588;1529031560000;104
0;41563714;26822730;BloodKey;0;1529110630000;51
0;34517259;21276764;Vulcan1;3264;1529128343000;110
0;34970420;21542029;Grig1;983;1529137634000;95
0;247624272;95429143;ESKEET1T;21;1529135108000;43
0;34897744;21490433;goldenglue;3378;1529046873000;96
0;34498223;21202019;5fire;539;1529082779000;88
0;40007888;25401864;Credenda;539;1528515985000;51
0;50575801;36099357;Fapdo;599;1529034988000;67
0;216696231;54059235;fwii Talon;1301;1529040301000;45
0;205086552;41849159;Rodov;580;1529174687000;90
0;210909980;47943093;3in1warrior;3379;1529129497000;68
0;214802564;51949451;AD Nannies Pref;1106;1529093851000;84
0;203656354;40661961;The Tank Man;3205;1528353913000;98
0;226643949;64290527;CONTRACTZZZZZZZZ;929;1529138377000;66
0;43117625;29161654;mulgokizary;3018;1528783100000;51
0;32391976;19698094;FallenBandit;561;1528786193000;93
0;237028675;83552233;duoqueen1;778;1529017109000;68
0;44711577;30366254;Acoldblazeolive;23;1529168250000;69
0;37631136;23552941;deftIy;3378;1528854389000;85
0;217536267;55375727;Fated Enigma;3495;1529082013000;127
0;231993300;73170218;Miguel el toro;3263;1529136126000;88
0;231498585;72849285;ChumpJohn Again;25;1528827639000;56
0;209954951;47165206;HIGH APM LOW BMI;3478;1529009001000;90
0;36278569;22478427;Biofrost ;23;1529133050000;76
0;42931245;28742820;Jast;1625;1529025740000;88
0;227437375;65409096;crow5;1114;1529129776000;72
0;227437380;65389101;gazuaaaaaaaaaaa;7;1529132995000;51
0;36169117;23162732;Byeong Hoon Lee;3267;1529132995000;86
0;37872899;23715786;KitKatxz;3179;1528964691000;60
0;237846944;85889107;LetsGoGuys;23;1529134603000;70
0;34166194;21172589;sadsdasdasf;0;1528755236000;85
0;42308135;27816311;N4omi;3225;1528946760000;67
0;203435391;40540196;Fanatiik;3379;1529101156000;78
0;32850898;20047271;Descraton;3496;1529034395000;123
0;232683859;74731419;cupcakes29;19;1529001779000;63
0;28128;1681;TCLB Robin NA;3465;1529041482000;100
0;41966115;27470522;Arcsecond;1149;1528953955000;119
0;232771185;75099245;LHHS;7;1529128343000;51
0;32317826;19623941;Rendyu;3286;1529174575000;114
0;32270997;19577112;Bíg T;978;1529172712000;106
0;35483555;21910088;Zot;3202;1529128593000;127
0;247997681;96059078;my crabs;22;1529138136000;40
0;49905535;35361116;Q16KpquGsIc;536;1529105629000;62
0;38502878;24220969;thtr;543;1529142492000;87
0;38417493;24154639;yeedam;21;1529122484000;71
0;236691073;83089575;Ssumdayday;3229;1529131611000;64
0;201320173;38375098;Jurassiq;3268;1529134076000;79
0;233688383;76603307;ChiralX;3496;1529017989000;61
0;34038296;20877255;TCLB Tempest;3102;1528766474000;73
0;246502338;94060086;TwTv LoLHarambe;28;1529138136000;67
0;40733746;26045266;TàIon;0;1529171537000;81
0;238165212;86912471;Nugeek;26;1529081844000;66
0;37436192;23368264;Tracy Mcgràdy;3496;1529126032000;50
0;36754073;22830349;RF Legendary;2072;1529098020000;73
0;38313918;24069119;Hate;3348;1529137634000;123
0;32683551;19920510; Sudzzi;2091;1529143625000;77
0;44474302;30255016;TheeBrandini;3466;1529103453000;72
0;210468670;47607839;Gong Yoo x;7;1529173360000;70
0;36193136;22417049;Cuyo;3284;1529174575000;85
0;239058549;88229545;Gate;502;1528779890000;110
0;247624230;95439134;olruol;3152;1528781673000;39
0;245520390;92959312;IlIlIllllIIIIIII;742;1529086020000;49
0;213387568;50759139;qldurtms;1467;1529137634000;58
0;200297075;37343071;avi is me;3103;1528780240000;67
0;207872598;45191640;PoopSwag69;3376;1529173360000;121
0;236744709;83339123;Humble Diligent;3440;1529136126000;79
0;234426625;78739091;IdioticGuy123;3233;1529119944000;63
0;217191798;54986862;Àsyc;4;1529174575000;158
0;1957545743829664;96659148;jngler52;1341;1529135108000;36
0;244261995;91739120;Play for KDA;20;1529049737000;59
0;36585992;22701102;EleJiggle;3460;1529109186000;107
0;46642159;31929876;Arceesenpie;776;1529141743000;61
0;201855715;39040566;GGS Matt;3268;1529132941000;85
0;49398962;34925733;CG Solo;543;1529172862000;82
0;245650286;93269094;Potluck;1367;1529129949000;70
0;34736898;21371454;ScrubNoob;1588;1528959159000;116
0;238107736;87119170;OpTic Arrow;18;1529126032000;84
0;230975554;71860010;Boris Oppa;3008;1529035129000;79
0;244268815;91507933;758ˉ;7;1529105508000;67
0;28359;1496;Valkrin;533;1529109186000;65
0;204630534;41786897;Kurumx;3379;1529126163000;78
0;34361058;21103810;BendyAndy;3440;1529043330000;92
0;49830899;35409134;Srkenji;556;1529131667000;114
0;241186843;89599264;D9 Grelly;3020;1529172862000;114
0;1957554315782944;96629156;a wood;4;1529128078000;38
0;36154943;22403576;Pants are Dragon;1456;1529134603000;107
0;29512;2648;Pobelter;3440;1529174493000;89
0;41531765;26851284;PainlessM;1381;1529031562000;97
0;34389376;21124626;Rikara;3022;1529103117000;127
0;210143336;47401142;Soulmario;3231;1529171288000;178
0;32359704;19665819;Duocek;532;1529103117000;96
0;246168281;93731255;dsazfxgchn;5;1529024669000;48
0;38112158;23907257;Janna Mechanics;1114;1529170254000;83
0;49565990;35092858;Challenger Eoba;7;1529056731000;57
0;37572051;23476283;EricZYang;588;1529174575000;176
0;47627229;32683839;Sean Twitch God;13;1529121425000;92
0;229194346;68469257;Azures;1665;1529045642000;112
0;236739906;83339118;sks Tmfprl;3264;1528769966000;60
0;39280199;24823450;Viel Glück;775;1529077493000;66
0;238226639;87330006;Yusuiˉ;3103;1529118169000;68
0;200465862;37481045;insanityxxx;3151;1529138136000;158
0;39641341;25108893;CaptainShrimps;513;1529154674000;89
0;243554303;91419120;TSM Zven;7;1529136126000;99
0;34486740;21193669;Hakuho;539;1529127324000;87
0;47984776;33239179;ZeyzaI;3379;1528770940000;58
